object|attribute|senword
奔驰|售后|深似海
奔驰|null|null
瓦格纳加蔡澈|null|null
奔驰|价格|寒心
日本车|null|悔青了肠子
4s|售后服务|null
奔驰|null|讨厌
a6|null|不适合
福特|四缸涡轮引擎|缺德
汽车|质量|大打折扣
福特|ecu位置，后排座椅|弱智，薄的不能再薄
奔驰|null|水土不服
奥迪|品牌|差蛮多的
法拉利|驾驶快感|高贵
80年代的车|null|影响自主品牌发展
大众|null|不要脸
卡罗拉|null|不行
丰田|null|null
凯美瑞|null|null
丰田|刹车性能|刹不住
丰田凯美瑞|null|太平间里安心睡
大众|价格|不厚道
大众|态度|不真诚
丰田普锐斯|价格|贵
丰田5a-fe|发动机|卧槽尼玛
奇瑞a3，长安悦翔，天津一汽威志|安全，自主品牌|存在极大风险，让人担忧
奔驰|保养价格|坑爹
null|延展性，遮瑕|略逊色于
大众|null|失望
广汽|发动机|短板
大众车主|null|强奸，骗
大众的车|设计|同化很严重
大众系|发动机|烧机油
null|界面|好恶心
广汽|防撞梁，车门|没有，焊接的
荣威|发展状况|还不如
奇瑞|null|想吐
奇瑞|设计|挑战了审美底线
日本车|技术|相当普通
大众，丰田，本田|价格，配置|高价简配
捷豹xf|质量|差
a83，0t|null|故障
大众|外形|大众脸
索纳塔8代|销量|相差甚远
奇瑞qq|null|和图片一样
高尔夫|利润|太高
大众朗逸-|内饰，价格，售后|不好，高，超差
null|刹车功能|不太好，危险
车|null|好脑残
大众|null|无好车
2012款本田cr-v|尾部设计|败笔
致胜|性价比|提价减配
通用的汉兰达|爬坡|不行，爬不动
奥迪a4|性价比|太低
雪佛兰|销售顾问的低级错我|让人无语
比亚迪|油耗，售后|好高骛远
tt|发动机|烧机油
宝马|销售员|素质低下
bmw|null|无语
null|噪音，齿轮箱，刹车|大，差，抖动
山地车|价格|不菲
奥迪4s店|态度|傲慢
本田，日产，马自达，本田|null|不行
韩国汽车|外形，内饰，机械|平平，土气，粗糙
丰田|设计|没有
新款本田crv|内饰|不是很舒服
日系车|null|杯具
日本车|安全性|有待考虑
宝马|4s店服务|相差太远
丰田|null|不信这么硬气
比亚迪|净利润|更差
null|排量，马力|大，低
这部车|内饰|无质感，较强的塑料感
马自达|利润|连亏
奔驰|节奏，3，5v6的技术|跟不上，out
新款|造型|太凶了
比亚迪|车载电池|严重影响车的操控，可能侧翻
奥迪4s店|态度|傲慢
丰田凯美瑞|null|被彻底干翻
奥迪4s店|态度|傲慢
奥迪a1|款式，空间|不方便，太小
起亚车|动力，提速|无法相比，有很大差距
audi|服务意识|差劲
奥迪|销售和客服|高级黑
奔驰|售后，操控，性价比|不如，失望
null|定价，款式，货源|不合理，款式不足，刻意制造短缺
丰田车|null|小些
丰田|设计师|缺乏想象力
福特|null|null
null|尾巴|过时
null|报价|不便宜
null|服务态度|倒闭，老天下了眼
起亚|环保，油耗，动力|爱积碳，高，差
聆风|电池|老化过快
大众汽车|对待客户的态度|没诚信且傲慢
奥迪|销售|null
日系|null|冷淡
奔驰|保养费|贵
本田|null|冠军
奥迪4s店|服务|傲慢
null|transmission，加速感，排量，颜色，外形，价格|不好，不够，小，不好看，丑，搞
4s店|null|变态，鄙视
null|品牌影响力|实在太差
沃尔沃|空间|太小气，不够大
这款车|动力，油耗|小，高
通用的v8引擎|排量，税收|太高，交不起
byd|策略|有问题
混合动力车|油耗|根本不省油
混合动力车|混动，电池，限制条件|相当多
东风日产|配件质量|差
别克4s店|态度|差
比亚迪|核心业务|遭质疑
大众|null|不喜欢
速腾|内饰|也不好看
奥迪a4|碰撞试验|不堪一击
别克|自动开灯|讨厌
奥迪|小毛病|那么多
奔驰|销量绝对值和相对增幅|落后
比亚迪奇瑞吉利|对待客户态度|null
大奔|动力|不如别克
奥迪a6|车风车德|null
比亚迪|玻璃本性|最大败笔
丰田卡罗拉|null|不喜欢
encore|新设计|不符合规范
新览胜|灯|无力吐槽
福特|前脸|无力吐槽
日本车|null|确实不好
比亚迪|服务|何时能赶上
奥迪q7|舒适性|恶心
null|底盘厚实度，前门板扶手，整体舒适性|差一点，太短，比不上
上海大众|产品质量，售后服务质量|差
奥迪|发动机|烧机油
大众|前脸设计|审美疲劳
比亚迪|发动机|null
null|高速，刹车|断车轴，漏油
丰田|刹车性能|吓
丰田|刹车|刹不住
null|技术|很成熟
日产车商|null|强烈鄙视
奥迪|嘴|更大了
东昌福特4s|维修|坑爹，忽悠
日产|保养|尼玛
奥迪的吉普|最后座|中看不中用
比亚迪，吉利|产品|惨不忍睹
汉兰达|null|null
日产|null|来火
奇瑞汽车|null|下线了
null|主流车型|存在致癌风险
4s|中保|会赚钱
日系车|市场份额|降低了，前景堪忧
丰田混动|售价，销量|高，未能大幅
奔驰c系|味道，销量|异味，被抛开
雪佛兰|付款|null
别克|小毛病，保养费，排气管消音器|不断，死贵，经常坏
null|技术感|操
奥迪|销售人员|吊的很
别克|null|烂
雪佛兰|价格|悲剧
媒体|业务水平|null
福特|设计|太糗
欧洲车市|车市，竞争|不好，激烈
比亚迪|创新，销量和利润|没有，没有支撑点
本田|车款名称|恶心
手挡车|起步|不给力
民族品牌|竞争力|缺乏
民族品牌|null|有差距
原车配的国产配件|配件|可能不是非常稳定
吉利|车型，安全|抄袭，不考虑
汽车工业|null|死循环
雪佛兰4s店|null|失望之极
奔驰的blueefficiency|内容，概念|宽泛，模糊
丰田|null|惨
日产|产能|过剩
红色的|null|很嗲
加达雪佛兰|销售|散漫业余，拉黑
丰田|null|傻逼
丰田|null|门庭改换姓名香
丰田|中国客户|被坑害，傻逼
科鲁兹|电瓶|像大姨妈一样
雪佛兰爱唯欧|内饰致癌物质|超标
比亚迪|管理水平，技术水平|狂妄自大
q5|广告|失败
一汽大众|4s店排污|污水排入小溪
别克|外观|不好看
byd|功能|不符
null|进气口松动|低级错误
蒙迪欧-致胜|装配，发动机|糙，故障，吓人
斯巴鲁|销量|惨淡
国旗|设计|四分五裂
奥迪a4l|刹车油管|破裂，失望至极
丰田|null|不负责任
大众汽车集团|null|我投降了
丰田雅力士|事故率|排在第一
奔驰c|甲醛含量|超标
奔驰国产车|null|别买
三星lg，现代起亚|null|韩国出了
雪佛兰|服务态度，诚信|有严重的问题
雅力士|null|早逝
丰田雅力士|null|null
丰田|刹车 |刹不住
丰田凯美瑞|高速，刹车|断车轴，常漏油
雷克萨斯|品牌|衰败
丰田|动力电池|乏善可陈
byd|电池|跌
比亚迪|电池技术|忽悠
别克encore|null|憨厚
日本车|null|偷工减料
null|胎，车门，悬挂系统，刹车优先系统|劣质，焊接，垃圾，没有
奔驰|在中国的问题，品牌个性，性价比，营销问题|错综复杂，不如，迟迟不处理好
吉利比亚迪长城|null|贱货
比亚迪速锐|广告|失败
null|功能|充其量属于
福特车|油耗|好费油
比亚迪|null|吹牛
日系|低迷|产品技术的原因
null|发动机|渗机油
日系车|null|脆弱
奥迪|品牌，技术|好你妹，不成熟
奔驰ecoupe|款型|臃肿
吉普|logo|美中不足
大众|广告|难懂
k3|风格|小失望
奔驰|保养|贵
日系车|零件|少了零件
null|独立悬挂，车门焊接|减配严重
日系车|电瓶容量|少了一半
日系车|安全|没有保障
本田|抗撞击|塌一个大坑
丰田|车款，质量|千篇一律，不咋的
途观，指南者，汉兰达|null|fuyun
别克|null|很难和奥迪，宝马相提并论
奥迪|保养费用|谁他妈说便宜的
比亚迪电动出租车|技术|安全隐患
日产，起亚|null|一个鸟样
丰田|言论|牛b
null|侧倾，凹凸路面状况|明显，较颠簸
丰田|null|失败
本田锋范|全方位性能|比不上
null|做工，手感，椅子，隔音|粗，糙，硬，差
2|动力，换档|差一截，顿挫感明显
广汽传祺|总体评价|null
雪佛兰4s店|null|失望
日本车|null|不行啊
volvo|null|不是别克gl8对手
null|刹车|太高了
自行车|null|太次
奔驰|混合动力|不买
奔驰|品牌|不成熟
合资的奥迪|车窗|吱吱响
mg3|null|太冷门
日本车|价格 |贵
丰田|null|傻b
雪佛兰|null|破车
别克|营销|上当
null|推广|不行
这些导航|导航|远远不及
导航仪|不好用的导航仪|扯淡
5系宝马|导航|麻烦极了
丰田4s|null|破丰田4s
丰田|安全性|不安全
丰田车|保险杠|轻轻一吻就掉了
长城比亚迪|抄袭，创新|特长，扯淡
通用的车|null|不靠谱
比亚迪|电池生产污染|睡不着觉
比亚迪|维修费|黑心，最大的黑幕
奥拓|null|难以成为奥迪
日本车|车子轻|偷工减料
一汽奥迪|出风口|恶心
丰田本田|售后，产品|null
眼镜蛇跑车|速度|快
大众的蓝驱|经济上，维修成本，dsg的可靠性|无法相比，高，是个问题
一汽奥迪|null|夸张
null|汽车空调|不会冷
null|显示屏，倒车雷达|死机，误报
奥迪车|用了两年|各种毛病
多媒体中控台|null|死机
中基奥迪|保养，发动|有问题
雪佛兰车|null|靠不住
科鲁兹，景程|车标，安全性|难看，会自然
别克车|null|不喜欢
日本车|耐撞程度|太软
日产尼桑|质量|不是吹的
尼桑|铁皮|薄
比亚迪|炒作|低端
安信丰田|null|声讨
这样的店|轮胎，信誉|有问题，失去信任，非常不道理
byd|null|null
null|造型|null
null|槽点|太多
capcom|设定|夸张
大众|null|比不上奥迪
宝马|null|无语
德国车|可靠性|差
宝马|质量|把控的问题
本田|底盘|轻
一汽|null|片面
宝马|价格|贵
丰田，本田|null|烦
这两种车|路线，思维方式|诡异，不老实
比亚迪|车，人品|差
挡风玻璃|价格|昂贵
大众奥迪|null|太残
东风本田|null|丢人
日系车，奥迪，宝马，奔驰|销量|下降
null|前脸设计|过度接近
福特|操控性|不如
奥迪a4|敞篷|null
途观|口碑|不尽如人意
丰田车|上路|极大的安全隐患
福特|视频|外行
日本车|null|不行
小4|耐撞程度|伤痕累累
日本车|安全|牺牲
日产|防撞钢梁|不靠谱
null|悬挂，底盘防腐涂层，封胶，后桥|非，无，粗糙的裸露的，脆弱纤薄
比亚迪|产品，策划|不踏踏实实，呕吐
索兰托|起步，高速提速|不算十分给力，十分吃力
朗逸|价格，提车时间|加价，过两个月
比亚迪|配置|注重
汉兰达|爬坡能力|坡难爬
a5|null|null
小别克|前挡|凹
起亚k3|null|null
桑塔纳|品牌|放弃了上海牌
新3系|座椅架|生锈
宝马118i|null|生锈
1系，3系|null|生锈
宝马|null|null
菲亚特|耐撞程度|不经撞
比亚迪|电动动力，汽车业务|看好，高估
别克|null|再输，受不了
美国的车|null|倒闭
别克|撞，气囊|淡定，撞惨
速腾，宝来，朗逸，捷达，桑塔纳|null|有问题
一汽大众|null|恶心
null|设计|不人性化
起亚|null|讨厌
null|离合|超高
日产|null|null
本田|捐款|才捐二十万
通用雪佛兰迈锐宝|null|去他妈的
本田|撞|撞坏，抵制
福特汽车|广告|极其烦人
丰田|null|不喜欢
别克新君威|质量|要命
日产|设计|缺陷
沃尔沃|发动机|成熟
null|越野性能|不如
丰田|撞|严重
一汽大众|dsg变速箱|没有解决
a7和别克|价格，油费|贵，高
别克定凯越|null|不能启动
null|设计|null
慕尚|倒车雷达pdc|不足
日韩车|车头|撞个稀烂
大众汽车|null|低端车世家
吉博力|null|null
凯旋|底盘，车身|岂有不输之理
索兰托|起步，加速|不算十分给力，十分吃力
大众车|null|有意思吗
null|发动机|差强人意
大众|汽车|去shi
null|后排|不足
null|噪音|比较大
null|顿挫感|明显
null|起步动力|不足
奥迪|null|不好
本田|null|走下坡路
丰田|油门踏板，刹车系统|出现问题
两万块钱的车|null|难开
奔驰|价格|贵
日产天籁|车内味道|刺鼻恶臭
奥迪|刹车|刹不住
宝马|null|生锈
沃尔沃|气囊|自爆
福特和三菱|null|漏油
奔驰|电池，致癌性，发动机|电池门，致癌门，抛锚
纪念版mini|null|中看不中用
太高档的车|汽油标号要求，维修|高，不好找地
福特两厢|null|居然会想去买
奇瑞qq|外观|难看
日产|款型|一模一样，坑爹
骐达|保险杠|脆弱
五菱|null|模仿
比亚迪|造型|模仿
斯巴鲁|null|最讨厌
日本车|null|null
日本车|车皮|太烂
比亚迪|功能，营销|功能展示不明显
奥迪|小毛病|真的好多
奥迪|多媒体，显示屏，倒车雷达，发动机油泵|死机，死机，经常误报，坏了
比亚迪|广告|有点过了，蔑视法律，低级的
别克|null|不过如此
雪佛兰|保养|不能发动
雪佛兰|档位|背
起亚|避震|很差
雪铁龙|null|悲催
比亚迪-byd|null|null
别克gl8|发动机|开锅
世爵|发动机|成绩平平
长城|刹车|问题很严重
奥迪q7|价格|掉价
丰田|混合动力车型|没多少市场
福特|底盘|留有硬伤
比亚迪遥控汽车|营销手段|太恶心了
dsg|问题|不解决
null|安全气囊|null
奇瑞|发动机|换
奥迪|null|破
宝马|涡轮|还没检验
君威|车头|拱起来了
null|前脸，尾巴|山寨
丰田|价格，厂商|太贵，日本产的
谷歌无人驾驶汽车|成本|异常高
比亚迪|null|脑残才买
一汽，上汽|品牌|老字号
大众|null|null
奥迪|null|更好的选择
别克凯越|null|破
马丁|null|null
比亚迪|null|抄袭
比亚迪|技术炒作|还有底线吗
别克|烧油|厉害
比亚迪|打造品质|没水准
奔驰|null|彻底靠边站
别克，比亚迪|视频|没给品牌产品加分，脑残
奔驰1，8t|涡轮漏油|是必然的，是常态的
雪佛兰ssss|保养价格|坑爹
雷克萨斯|价|内幕
汉兰达|性能|不行
奥迪|品牌形象|丢人
日本车|耐撞程度|不经撞
比亚迪|null|下手太慢
途观|null|null
奇瑞|null|上进一点
日系豪华车|null|踩不到点上
日系豪华车车型|销售价格|主动降吧
起亚|null|苦了
荣威350|null|味极重
本田|null|不喜欢
v60|null|一般
新cr-v|座椅|更舒适
迈腾新车|块头|惊人
迈腾|轮胎|翻新，喜欢，低对大众的信赖
大众，丰田，日产|气味|大
福特|null|偷偷摸摸
奥迪|null|无语
奥迪|空调|不会冷，问题不断
比亚迪|车身尾部|亮眼
马六|开车素质|乱开
雨燕|改装|面目全非
凯美瑞|停车|不要脸
比亚迪，雷克萨斯|外观|太愚蠢，蛋疼
夏利|null|不像大人物
2，0d-link奥迪tt|外形|太女人，不够man
天籁|屁股|恶心
比亚迪|手段|大尺度，风骚，露点
null|低速，高速|顿挫感严重，飘
雷克萨斯es|null|失去信心
比亚迪|null|不是做汽车的料
比亚迪|抗装机力度|null
途观|腿部空间和载货空间|过小
奥迪|null|一个样
新迈腾，新帕萨特，新郎逸，新宝来|前脸|完全一个样
途安，夏朗|null|最悲剧
比亚迪|null|炒作，不入流
比亚迪|高科技|炒作，安全隐患
雅马哈|废气检测|无法过线
harrier|性能|不是高性能
奥迪|null|霸道，怒了
东风本田|业务|太古寒
一汽大众|前脸|制服化
别克新君威2，4|水温表|晃动，不正常
东风悦达起亚|null|把我们听众当傻子
奔驰奥迪红旗作出租车|油耗，城市的拥堵|高，做了贡献
奥迪a6|视频文件|不允许播放
雷克萨斯，马自达|铁皮|软
新款车|外型|不配这头衔
a8|好看|小气
奥迪a8l|底盘|底
丰田维修团队|低效|低效
新奥迪a4l|精准操控，加长版，主打|到底是想怎么卖
雪佛兰沃蓝达|null|低迷
比亚迪|营销|火辣，邋遢
那辆车|车内味道|刺激够呛
保时捷|品牌|廉价
东风本田|null|有压力
比亚迪|车的质量|垃圾，不彻底改革
比亚迪|null|破车
丰田佳美|null|垃圾，谋财害命
丰田|质量|差到家了
大众|参观收听设备|不咋样
雪佛兰|售后|操蛋
丰田|精神|愚直
起亚|舒适性|不舒服
福特|抄袭|不要脸
开这种车的|null|没素质
雅力士|null|英年早逝
奥迪|性价比|太低
阿斯顿马丁|整车效果|差强人意，缺乏新鲜感
车|外观|丑
别克车|改装成跑车|吃饱了撑着，闲的蛋疼
日本品牌国产汽车|品质|极大的隐患
一汽|null|null
null|车身|轻
比亚迪|质量|很多问题
兴庆|车行，司机|如龟，烦躁
a4a6|素质|不咋地
维修厂里|维修工艺|较大差距
x1|方向，油门|很重
起亚|null|看都不要看
开奥迪的|技术|不行
比亚迪|利润，汽车业务，it代工，投资|缩水九成，萎靡不振，严重下滑，无法收回
标志508|造型|不喜欢
null|经销网络，媒体关系和品质问题|犯了错误
null|质量的提升|忽视了
null|isofix接口或者latch接口，车身固定和安全带|没配，用脚趾头想就知道
新车|品牌价值|降低了
奥迪|玻璃|脆弱
null|新车玻璃|开了花
日货|日本家电及汽车厂商|倒闭
丰田霸道|价格，油耗，污染|贵，高耗油，高排放
比亚迪|销往国内的|null
法拉利|驾驶快感|高贵
粉色君威|粉色|恶心
自主品牌|价格优势|消失，迫在眉睫
null|前驱|怪胎
车市罗盘|null|冰山一角
null|服务|差到死
东莞卖车|优惠幅度|少
null|服务质量|差，g眼看人低
奥迪|喇叭声|没吉他动听
车|排放|不达标
起亚k2|倒车镜，后排车窗|麻痹
君华比亚迪|null|能这么大大手笔
丰田，本田，雷克萨斯|销量和口碑，安全性能，节油经济|渣子
奇瑞，比亚迪，吉利|null|严重
某车|增压发动机，全焊接底盘，速度|不死人才是怪事
丰田|刹车系统，安全性|不稳定，不高
新揽胜|车头，设计|丑爆了
雅阁，新cr-v，新思域|屁股|毫无设计可言
本田|前脸，屁股|好看，丑
trailbrazer|方向盘，油门，动力|沉，沉重，延迟
大众|品牌定位|失败
crv|狂追奥迪|傻b
宝马奔驰奥迪|null|失了光彩
这车|款型|不好看
林肯|产品竞争力，成本回收|不足，漫长
k5|品牌美誉度|不可控
rav4|款式|过时了
本田|油|油老虎
大众|null|走下神坛
大众旗下的中高端品牌|质量|让人深思
电动车|速度|快又乱钻，危险
罗拉，佳美，皇冠|null|吃老本
丰田|品牌|产生危机感
档杆|使用感觉|钢筋棍
本田|引以为傲的技术，发动机|不见踪影，老迈
座位|格局|独特
新帕萨特|整车可靠性|null
雪佛兰|质量，售后服务|差劲，更差
这款|null|最丑的，不看好
永达福特|维修技术|太差
长安福特|null|坑爹
4s店|服务质量，质量保证|哎
gt86|null|名不正，言不顺
日产|安全性|不信任
奔驰|null|落后
别克通海|服务|差
八下里丰田|保养|无视
null|销量|不行
三菱4s店|null|砸
吉利，比亚迪，奇瑞|null|差远了
日本车|null|脆弱
本田|后备箱|迅速折叠
帕萨特和迈腾|null|烂
粉色奥迪|实用性，后排空间|不适用，只能坐小朋友
长安福特|null|null
起亚k5|外形，性能|中看不中用
crosspolo|空间|mini
奥迪|保养|这么贵
奥迪a6l|保养|贵
奥迪a4|马路杀手|越来越多
null|车架|能拽出来
广汽丰田ssss第一店|服务态度|遭到无视
马自达日产本田丰田什么的|感觉|不靠谱
电动车|null|祸害
null|分量|少
奥迪|售后|差
吉利，比亚迪，奇瑞|null|差远了
日产汽车|销量|影响
鬼子车|后期费用|不便宜
思域|保养价格|打挣保养费
宝马x1|价格，加速性|null
东风本田，广汽本田，一汽丰田和广汽丰田|库存|销售缓慢
英菲尼|品牌|日本
奥迪a6品牌|null|无德
东风本田|null|讨厌
国家队|技术|吹牛逼，抄袭，恬着脸
null|营销|null
新款蒙迪欧|null|推
大黄蜂|尾气|不达标
奇瑞|人才流动|太大
奇瑞|合作氛围|不突出
国产车|质量|差
null|车尾|难看
奇瑞|冒进政策|没看好
这辆车|离合|美中不足
丰田|null|不顺眼
交通|null|多焦
长车|下坡|大问题
大众|null|蛋疼
本田|防盗功能|不敢恭维
null|参观人数，规模和档次|配不上国际标准
长安铃木|null|null
奥迪车|发动机|烧机油
宝马|null|被秒杀
null|设计能力|null
大众|外形|趋同
吉利|使用时间|null
奇瑞|开了两年后的状况|想拖拉机一样
大众|外形|null
本田|电池|没电
seatleon|销量|相当惨
大众|null|没有底线
byd，长城|null|单一
奥迪a6|速度|慢
日产车|null|可怕
辉腾|减重|必要，不符合节能减排的理念
桑塔纳|null|难看
奔驰|对市场的反应速度，降价|慢，严重损害了其品牌价值
丰田|产量|强烈抵制
现代|突然加速事件|含糊其辞
奥迪a4l|刹车灯|刺眼
奇瑞天杭4s店|质量，销售|差，不行
雅力士和威驰|null|过于寒酸
雅力士|销量|仅，无法理解
广汽丰田雅力士，一汽丰田|品牌销量|极其失败
雪铁龙和福克|发动机|会嫌弃
一汽|盈利|干亏
这材质|材质保养|太费劲
红旗|null|最不喜欢
广汽丰田|null|坑爹
美车|null|不及日德
途观|驾乘感，加速，内外观|不行，四不像
别克|null|不太稀饭
奔驰|工业设计，营销定位|远弱于，完全输给
宝马|null|null
奥迪a6|null|不喜欢
蓝牙耳机|null|不方便
奥迪|null|太腐败
途观|null|不给力
国产车|制造和研发水平|处于劣势
omg|null|不可爱了，不喜欢了
宝马|null|贼讨厌
四个圈|服务|贵
奥迪|null|不喜
crv|null|不太喜欢
奥迪a4|null|不喜欢
丰田，奥迪|null|不喜欢
奥迪|性价比|不值当
奥迪|null|不喜欢
大众途锐，奥迪q系列，卡宴|风格线条|太圆润
辉腾|起步|慢
奥迪r8|颜色|不喜欢
奥迪|外型|不新鲜
宝马5|长相|不喜欢
它|性能，性价比|无法抗衡
宝马x1|内饰，价钱|钢性，不能满足
宝马7|价格|不喜欢，没银子
兰博基尼|null|不舒服
奥迪|ff驱动机构|头太重，容易吃胎，操控不好
宝马的新5系|设计风格|不喜欢，平庸
2011新款|前大灯|不喜欢，阴沉
土豆泥|null|不喜欢
rs，tts|头，灵活性，操作空间|偏重，不灵活，太小
奥迪|null|低调
日产|null|就会忽悠
大众|null|没好感
奥迪|品牌|不喜欢
奥迪|null|平庸
奔驰奥迪宝马|null|不喜欢
丰田车|刹车系统|不好
奥迪a3|售价|可以买两部这样的车
克莱斯勒|内饰，安装，质量|最糙
a6|null|渣
奥迪|操控|让人难受
奥迪|null|不行
奥林巴斯|摄影系统|最靠谱，最不待见
null|引擎，重启的顿挫感|自动熄火，差
奥迪|null|不喜欢
大众的车|null|太死板
cc|空间|小
null|维护|贵
奥迪|发动机|烧机油
奔驰|保养费|老高了
国产的|质量|不见得好
奥迪，宝马，沃尔沃|null|这德行
大多数车|操控，舒适性，悬挂，方向盘|远远不如，又硬又颠，有巨大的虚位
奥迪|null|怎比宝马
tt|外形|不喜欢
前驱车|null|不喜欢
null|前悬，侧面|太长，侧面不好看
s8|null|一般般
null|轮毂|不好看
q5|轮毂|难看
奥迪|null|脑子被枪打过了
a1|开价|贵
跑车|null|不喜欢
glk|null|太硬
q7|刚性，天窗|不够，容易漏水
奥迪|null|不能说奥迪很差，不值这些钱
a6|座椅|居然
奥迪|核心技术，全时四驱，fsi全系|没什么像样的，鸡肋，烧机油
a7|外观|难看
德系车|油耗|油耗过量
奥迪旧车|故障率|太高
本田|null|不喜欢
本田系列|null|不喜欢
奥迪|舒适性|不舒服
奥迪|做工|粗糙
null|发动机，车身整体性和底盘一体性|噪音大，差
奥迪q7|null|舒服
宝马奔驰|null|不喜欢
null|操控，安全性|失去了
奥迪|头灯|不喜欢
slk，cls|风格|不妥当
奥迪|油耗|烧机油
马自达|null|不喜欢
奔驰|null|不喜欢
奥迪|耗机油状况|很厉害
奥迪|null|样子货
宝马5系|音响|不是一般的烂
tt|null|不是太喜欢
奥迪|方向回馈力度，路感，停车熄火模式|不佳，较为模糊，不喜欢，很不适应
奥迪q5|null|不好
新款|null|不喜欢
奥迪|null|不好
奔驰c|性价比|更差了
新帕萨特|内饰|不敢恭维
粉色车|null|很楞也很难看
东风日产|null|不喜欢，太傲慢了
奥迪|null|弱智
大众|刹车|偏软
奔驰|速度|慢
大众|传统味道|流失
悍马|外观|不好看
奥迪a7|溜背设计|怪异
大众|服务|没有这么好
丰田|车型|比不上
奥迪宝马|后面|那幺小
斯巴鲁|宣传效果|弱
null|耆侈品的内在|缺乏
沃尔沃|处境|尴尬
那车|外观|方方的，不喜欢
奥迪|车型|老气
辉腾|null|不咋地
福特|左舵，品牌|大，不喜欢
null|配件质量，服务店|差，掉包
null|氧传感器质量|比较差，易损件
3w4刀的奥迪|天窗，内饰，轮毂，坐垫，安全气囊|没有，没好看的，没霸道的，没加热的，自配
北京现代朗动实车|质感|差，丑
null|a柱视觉|不太好
油箱|油耗|小
奔驰|价格|不亲民
null|过弯性能|差点
奥迪|内室|好小
null|故障率，维修费|高，吓死人
null|灰色的杠杠|不喜欢
奔驰宝马奥迪|售后服务|屎一样
null|黑白格子|不舒服
比亚迪|null|不喜欢
奥迪|null|喜欢
q3|空间|太小
奥迪|前脸|最不喜欢
这个车|null|不符合中国国情
锐志|null|讨厌
glk|产品力|不如
奥迪a3|null|屎
雪弗兰|null|真不怎么喜欢
三星|null|骗子，色诱，吹牛皮
奥迪，宝马|广告|null
null|外形|null
suv|路感，油耗，空间| 差，大，小
奥迪q5|动力|比不上
奥迪q5|广告，售价|装逼，高
德国车|内饰|硬邦邦
奥迪a8l|发动机|不足以
韩国车|null|山寨车
null|刹车，油耗|偏软，高
null|设计，地盘结构，tfsi发动机，价格|一样的， 换汤不换药，烧机油，昂贵
途观|价格和性价比|无奈
奥迪|尾灯|刺眼
null|浅色内饰|丑
null|引擎盖|有条缝
宝马|安全|会自然，安全更重要
迪奥|档次|太低
q3|空间|太小了
这种车|安全性能|差
奥迪|品牌|不喜欢
沃尔沃|外观，安全的品牌塑造|不吸引人，不成功
null|外形|不够帅气
奥迪a6|款式|不喜欢，官气，商务
大众|销售|不爱理人
宝马|服务态度|没人搭理
奥迪|null|低调
null|内部空间|小
330i|外观|不喜欢
奔驰|油门|有点重
日系|安全|车轻皮薄不安全
奥迪车|null|不怎么喜欢
奥迪|null|null
凌志lx570，巡航舰|音响|垃圾
lexus|null|最看不起
奥迪|null|不喜欢
大众|烧机油，进而引发什么启动困难，怠速抖|没办法解决
大众|null|不太喜欢
null|颜色|蛮漂亮
null|排量，发动机|很尴尬，无亮点
奥迪|内饰，车门|太难看
宝马|null|不喜欢
奔驰e|竞争力，中期改款内饰|弱，不会有质的飞越
桑塔纳夏利|null|不喜欢
奥迪|设计|张扬
null|屁股|难看
现代|安防性能|差
奥迪|车型|好难看
路虎|null|null
null|性价比|太低
前大灯|前大灯|小气
null|发动机|烧机油
奥迪|卖点|千篇一律，不喜欢
新a6l|车型，配置|无语
奥迪a6l|内饰与座椅|豪华的，经济型
奥迪|销售态度|差
进口奥迪a8|级别|霸气外露
a7|null|没特点
奥迪|null|不喜欢
null|性价比|差
q3|定价|有些高了
奔驰|外观|不喜欢
奥迪/a1|轮胎|不是防爆的
null|自动泊车|坑爹
null|发动机，起步，提速，换挡|吃力，力不从心，顿挫
标致505|null|不喜欢
a7|外型|已经疲劳了
大众|null|恶霸
奥迪r8|null|不靠谱
宝马|顶棚和内饰的颜色相区分|穿补丁一样
奥迪|led行车灯|丑
奥迪|null|宝马别向奥迪靠拢就行
奥迪|用色|过于激进
那车|屁股|不好看
null|头部空间|坑爹
奥迪|质量，可靠性|差
奔驰|null|不好
雅阁|油耗，外观|既废油又肉
日系，韩系|null|不喜欢，没人喜欢
奔驰，奥迪|长相|不喜欢
bmw|null|不喜欢
jaguar|外观，质量|难看了，不行
跑车|null|不实用
奔驰的e系列|null|有点乱
奔驰e级1|前脸，脸面和尾巴，价格|霸气，不如，高
奥迪|null|不够吸引
奥迪|null|恨
沃尔沃|null|恨
宝马|标致|不喜欢
拖拉机|null|不喜欢
奔驰|null|null
null|噪音|大
宝马|烧机油，保有量和呼声|真不少，没奥迪多
q7|null|不喜欢
null|样子，车标|不好看，猥琐
a6|空间|太小
丰田|null|去死
奥迪a6l|null|也不要
大众集团|null|不喜欢，自大
它|大天窗|没有
奥迪宝马|性能，后期保养|小问题非常多
奔驰，奥迪|null|不愿意多看一眼
摩托车|null|危险
大众|null|鬼地方
null|油耗|在降低点
null|售后，动力|差，太差
奥迪|null|太旧
奥迪a8-6，0|小毛病，服务|真多，不咋的
齿轮|耐用性|不太容易解决
中国汽车|车标|丑
日韩品牌|null|最不喜欢
广汽丰田|null|真坑
奥迪q3|null|null
奥迪|null|不喜欢
2，5t版本|动力|太可怕
null|价格|不菲
null|座椅|不舒服
奥迪1，8|车身，排量|重，小
迈腾|感觉|翻版
奥迪|外型|不是我喜欢，不失lol
奔驰|null|不喜欢
奥迪|null |肿么没有
奔驰|null|不喜欢
null|价格|贵
奥迪|null|不喜欢
a6l|null|不喜欢
奥迪|动力|小
奥迪|心脏|不好
雪佛兰皮卡|创意|浪费
no，7kia|null|太烂
轮胎|进口|不适用
奥迪|null|不喜欢
奔驰，奥迪|null|null
a6|前脸|不喜欢
6gc|配置|坑爹
奥迪|null |不怎么喜欢
奥迪奔驰|null|低
别克|null|不能接受
科鲁兹|null|费油
马六|降价|降价
奥迪|null|太厚实
捷达|null|null
奥迪|选配内饰|太死板了
奥迪，宝马|null|浮云
奔驰公司|null|真心的抠
奥迪小改款q5|改款|改得很纠结
安卓|系统生态圈建设，整体操作体验，工业设计，应用质量|还需努力
奥迪|null|看起来这么不舒服
a4l2，0t|价格|null 
smart|外观|太过迷你
volvo的s80l|安全|不如以往强调
小众车|保值率|低
奥迪|null|null
丰田坦途|车型|null
途观|座椅空间|会卡住啤酒肚
宝马minisuv|null|极力反对
奔驰|服务，质量|差
ml/gl|操控|最一般
雷诺|null|烂
奥迪|null|不是什么好货
q5|null|不是一个等级
null|驾驭感|不足
null|视线|差，低且窄
a5|方向，路感指向|偏轻，没法比
奥迪|刹车|刹车灵敏快后段迟缓
奥迪|缺点|数不清
tt|null|去死吧，没那么霸气
现款的奥迪|尾部|不太喜欢
本田雅阁|发动机，四轮轴承，氧传感器|定期清洗，易损件，比较差
奥迪q5|发动机|烧机油
揽胜，X6，桑塔纳|外观|难看
宝马|外型|不够大气
a1|外观|远远没有那么丰富
国产a6l|null|保持无语
s5|风格|不太喜欢
奥迪|null|不要
宝马|null|讨厌
保时捷|价格|买不起
宝马|舒适性|不舒服
上一代a4l|和新中网相比|null
mba奔驰宝马奥迪|外表|太大众了
大众|内饰，价格|全塑料，加价
大众|安全性|不行
奔驰|奔驰|价格
雅阁|驾驶感受|不喜欢
奥迪|烧机油|缺点
null|漏风，隔音，油耗|不佳，偏高
a4|发动机|犹豫
奥迪|null|好不到哪里去
沃尔沃s80|车型|嫌弃它小
路虎|发动机|有点那个啥
电镀奥迪r8|反光|厉害，容易追尾
null|仪表盘，操控区域|可以做得更美
null|提速，涡轮增压|肉
null|刹车|abs，不敢猛刹
车|内饰|太死板，不符合年轻时尚
新a8l|null|差的很远
null|动力|垫底
s60|安全系数|null
rs5|推背感|稍弱
奥迪|玻璃颜色|不喜欢
揽胜|油耗|饭桶
车|模样|不喜欢
雷克萨斯|null|讨厌
宝马奔驰|价格|买不起
宝马6系|null|null
q5|大小|太大
q3|市场|灰头土脸
q3|空间|小的不能再小
奥迪|价格|null
a4|null|被秒杀
奥迪q5|起步|超级肉，不喜欢
奥迪q5|null|鸡肋
大众|车系|看不起
宝马x1|内部空间|小
奥迪|这招|败招，不高级
奥迪|驾驶体验，动力，顿错|差点
奥迪|null|想多了
奥迪r8|粉色|受不了
大众|空间，空调，内饰|不够大，不够细腻，不太好
新a6|前大灯|不如老款霸气
奥迪a7|外型|既不显大气，又无霸气，看上去倒有些憋气
三星|null|null
思域|车内高度|不够
奥迪|车身|嘴硬
宝马|null|过敏
新宝马3系|视频|失落
a1|外形|不敢恭维
奔驰宝马|null|贵
奥迪|保养成本|高
途观|性价比|null
奥迪|油价・|逼急了
宝马|手刹设计|不喜欢，有点土
a4|保养周期|没优势
320li|价格|贵
a6l|外观|不认同
奥迪|内饰|恶心
奥迪q7|null|小儿科
bmw|配置|坑爹
奥迪|品牌价值，性价比|弱于，还是不错的
polo|个小能装|小
宝马|质量，市场竞争力|削弱
rs5|车身结构的强度|null
null|原地打方向盘|很重
audi|价格|贵
新奥拓|制动性能|乱撞人
null|气囊|摆设
大众奥迪|质量|保障不了
奔驰|null|c级
a4|油门，车噪|暴力，打了很多
奥迪|外形|大众脸
奥迪r8|hellokitty涂装粉红色|好贵，买不起
奥迪|操控感受|不及
钣金|内配做工，座椅做工|不够精致
a6avant|车尾，外观|怪怪的，过于霸气
丰田凯美瑞|null|不会当做豪华车
奥迪a6|车太窄|太窄
a1|价格|价格贵，性能树
拖拉机|越野性能，价格|null
捷达|null|淘汰
lexus|在中国的发展|不如意
标30fsi|排量|恬不知耻
奔驰宝马奥迪|null|装逼俗
奥迪|质量|差劲
奔驰|null|不怎么好
悍马|油耗|太耗油
劳斯莱斯|价格|太贵
保时捷|null|没用
奥迪，奔驰|导航配置|超级旧
奥迪|价格，油耗，保养|sb
车|性能|没看
null|价格|贵
保险杠|质量|null
奥迪|保养价格|高
日系豪华品牌们|价格，宣传|不给力
c180|null|低端
e系|设计师|null
奔驰c|空间|太小
null|外形|杯具
双星|质量和做工|差
一汽奥迪|工作人员|举止野蛮，言语蛮横，态度差
大众|口碑，发动机|不佳，故障很多
minicooper|头灯设计|所缺乏的锐利与霸气
奥迪|null|算个鸟
null|舒适|欠缺
轮胎|轮胎|出问题
发动机|发动机|出问题
null|喇叭，驾驶习惯|不好
奔驰|销售|不适合在中国销售
q5|脸谱|老气
奥迪|质感|还需努力
奥迪|null|不爽
奔驰|后座空间|坑爹
宝马|优惠|抠
整车|噪音|比较大
null|刹车|偏硬
大众|油耗|烧汽油，烧机油
奥迪a8l|价格|不买
黄金车|磨损|有钱烧得起
a6l和a8l|霸气|缺少
迈腾|null|不够好
奥迪新a8l|设计|雷同
通用suv|suv市场|短板
凯迪拉克|地位|边缘，差距越来越远
奥迪|室内空间，人流流动|太小了点，不太合理
日产楼兰|定价|高
null|品牌|差距
null|服务|垃圾
奥迪|服务态度|不敢恭维
奥迪q3|操纵性，实用性|比不上，不着边儿
奔驰|保养价格|很致命
2011款的a4l豪华版|蓝牙|太对不起
奥迪|null|坑爹
奥迪a4|发动机|不如
宝马|配件质量|不会到位
奥迪|轮毂|太小
奥迪|null|无耻
q7|外形|臃肿
宝马6系|定位|有点高
650i|售价|高
null|座椅舒适度|不足
新车|null|真好看
吉利|安全差距|无视
奔驰|服务|差
国产车|质量，性能|不好
null|定价|偏高
奥迪|定价|不厚道
s350|null|无兴趣
宝马|配置|差
奥迪|null|失去信心
null|售后|不负责任
帕萨特|气管|太多
null|维修，气管寿命|不方便，不长
null|发动机，车重对低速加速的影响|偏高转，负担
保时捷宝马|null|不行
奥迪a4l|刹车，油门，车头|差，重，太重
奥迪s5|外观内饰，动力系统|弱爆了
大众车|null|不厚道
奥迪|null|不给力
null|刹车，高级感|震动和前倾，减少
null|减震，舒适度|硬，不足
null|升挡，变速|过快，不稳
null|中控台布局造型|陈旧
